,trip_seconds
0,70980
1,48666
2,54900
3,53893
4,86340
5,59491
6,76406
7,49147
8,54235
9,62988
10,56099
11,79320
12,86104
13,52293
14,52097
15,54940
16,61380
17,55004
18,48412
19,50138
20,54614
21,80822
22,62170
23,71820
24,49076
25,55242
26,79860
27,52505
28,74520
29,53432
30,69480
31,55080
32,52500
33,67282
34,49860
35,48960
36,64200
37,52500
38,51149
39,55334
40,78998
41,53806
42,53379
43,57720
44,82689
45,59075
46,65376
47,53280
48,70117
49,83795
50,49167
51,86271
52,55614
53,53820
54,84840
55,64702
56,61320
57,73905
58,50496
59,59160
60,56520
61,54729
62,66480
63,57707
64,56216
65,50849
66,86248
67,63540
68,65520
69,71523
70,58895
71,85228
72,55128
73,52874
74,86292
75,59040
76,51000
77,68644
78,72752
79,53587
80,62160
81,86273
82,49417
83,53280
84,53100
85,66240
86,61260
87,48759
88,48922
89,86280
90,82380
91,80533
92,49822
93,58643
94,54960
95,57134
96,52680
97,61405
98,58080
99,55980
100,81497
101,84958
102,53162
103,86190
104,59740
105,61144
106,51163
107,52841
108,50170
109,58740
110,50580
111,49080
112,49403
113,86307
114,55107
115,48637
116,65049
117,54180
118,86027
119,52020
120,86367
121,75505
122,52260
123,86183
124,57557
125,77346
126,50520
127,57178
128,49655
129,54028
130,72900
131,49812
132,70249
133,65620
134,58500
135,48788
136,85725
137,81319
138,73740
139,50760
140,79542
141,50100
142,50220
143,62229
144,50415
145,75780
146,52200
147,54567
148,57120
149,51240
150,55200
151,52320
152,81171
153,86378
154,49920
155,55906
156,64747
157,85374
158,53981
159,86249
160,63818
161,73187
162,49620
163,84840
164,56058
165,85639
166,53759
167,48578
168,49560
169,57120
170,78486
171,49920
172,53580
173,79500
174,81860
175,86317
176,50968
177,60780
178,53288
179,59580
180,63905
181,86348
182,78060
183,62788
184,51372
185,62404
186,82320
187,55214
188,53940
189,81900
190,51600
191,61320
192,66344
193,65909
194,50878
195,57360
196,51269
197,51169
198,58176
199,50226
200,51060
201,64133
202,86340
203,52082
204,75480
205,72240
206,58659
207,61680
208,54597
209,78420
210,49740
211,52020
212,57005
213,52740
214,50280
215,81626
216,55920
217,78686
218,86374
219,49935
220,52680
221,56370
222,50520
223,75343
224,64362
225,48799
226,57300
227,52474
228,64605
229,49485
230,51902
231,51360
232,49620
233,78175
234,60600
235,57631
236,53100
237,48600
238,76085
239,52372
240,56260
241,72678
242,59859
243,72780
244,73140
245,56020
246,56669
247,60549
248,75780
249,86268
250,48833
251,85010
252,52320
253,62040
254,67037
255,52848
256,80575
257,76200
258,53040
259,62520
260,61560
261,71340
262,54423
263,70268
264,57110
265,53082
266,82934
267,50669
268,63300
269,63864
270,58980
271,64200
272,72892
273,77511
274,55020
275,48810
276,50340
277,67272
278,51960
279,86280
280,80481
281,52378
282,77395
283,62473
284,51420
285,62160
286,86399
287,48840
288,52615
289,58860
290,55708
291,48997
292,72919
293,56880
294,62973
295,61380
296,86325
297,79215
298,78980
299,48975
300,52702
301,52260
302,83273
303,75061
304,86333
305,50386
306,55375
307,48501
308,50359
309,52239
310,71099
311,53482
312,60900
313,64559
314,48407
315,53642
316,86340
317,69136
318,49080
319,52929
320,86280
321,53155
322,59205
323,65691
324,58084
325,81780
326,60120
327,65160
328,50787
329,52140
330,69420
331,83364
332,81346
333,70140
334,53400
335,58320
336,86366
337,68751
338,66117
339,72900
340,53040
341,60900
342,57360
343,49823
344,66396
345,51985
346,58680
347,54991
348,74731
349,82860
350,76354
351,48720
352,68940
353,76499
354,84000
355,49587
356,71373
357,60000
358,61260
359,66480
360,54324
361,74257
362,54600
363,86303
364,86365
365,59316
366,54720
367,54052
368,83400
369,52678
370,58355
371,76983
372,61620
373,64860
374,74362
375,75180
376,67243
377,49800
378,69997
379,74220
380,61200
381,50040
382,53928
383,64080
384,50520
385,80846
386,56760
387,70708
388,85680
389,75717
390,86340
391,74757
392,60106
393,59220
394,67187
395,51008
396,66148
397,62340
398,54180
399,57000
400,66119
401,61001
402,58166
403,64922
404,61639
405,49764
406,58793
407,59100
408,71220
409,57413
410,75675
411,65160
412,58900
413,56640
414,54926
415,61113
416,60005
417,57493
418,52140
419,61807
420,86340
421,49794
422,68700
423,66932
424,57117
425,55617
426,86283
427,58140
428,54780
429,52500
430,57960
431,66795
432,57900
433,70140
434,57900
435,85342
436,56148
437,61680
438,49539
439,48540
440,80700
441,57747
442,65160
443,58967
444,57176
445,54480
446,62762
447,52135
448,69420
449,60569
450,64871
451,72600
452,67428
453,57960
454,61620
455,49620
456,50400
457,50741
458,77147
459,70268
460,52860
461,68014
462,86358
463,55864
464,81802
465,55740
466,66168
467,48900
468,73741
469,51300
470,78840
471,61269
472,86364
473,78814
474,86340
475,64740
476,67380
477,50940
478,49155
479,58080
480,53760
481,55020
482,57317
483,86340
484,80340
485,59174
486,51599
487,78780
488,58901
489,86370
490,55800
491,59520
492,56051
493,83040
494,49560
495,77285
496,72420
497,72641
498,49500
499,86340
500,55320
501,52195
502,86340
503,58020
504,58620
505,53018
506,73080
507,78364
508,83582
509,50958
510,70157
511,63780
512,60709
513,64012
514,68786
515,48600
516,65001
517,48768
518,54300
519,86370
520,75612
521,61517
522,68622
523,57840
524,60378
525,66780
526,52572
527,51435
528,64764
529,49680
530,64386
531,86334
532,77829
533,72480
534,60900
535,59160
536,54480
537,86257
538,77522
539,53040
540,62880
541,70498
542,53640
543,64851
544,50820
545,55511
546,74225
547,70611
548,67680
549,67038
550,73860
551,50700
552,86340
553,57683
554,56579
555,61686
556,86313
557,53880
558,59700
559,61254
560,55859
561,81960
562,48346
563,72900
564,85920
565,56520
566,76690
567,54215
568,70080
569,54660
570,56880
571,61397
572,64815
573,83640
574,58920
575,75709
576,54062
577,86340
578,59332
579,64179
580,64140
581,65057
582,57677
583,49162
584,67200
585,59305
586,49980
587,59346
588,54024
589,52240
590,50110
591,67012
592,48353
593,48300
594,48900
595,49440
596,54840
597,58485
598,70698
599,61500
600,53880
601,73635
602,51615
603,54240
604,56460
605,54924
606,62100
607,56498
608,72701
609,69720
610,56240
611,49560
612,49229
613,54234
614,62995
615,60120
616,58313
617,86307
618,66660
619,67248
620,65606
621,86237
622,60381
623,54720
624,54076
625,61609
626,50640
627,82140
628,86340
629,64440
630,53460
631,73661
632,58793
633,50216
634,55085
635,63409
636,63134
637,48480
638,52980
639,69276
640,54720
641,60540
642,48504
643,51240
644,56520
645,85082
646,65492
647,54300
648,51318
649,51900
650,86253
651,48794
652,51720
653,54091
654,53280
655,84300
656,58600
657,54660
658,86174
659,49434
660,74160
661,86338
662,58260
663,53162
664,51208
665,64260
666,54840
667,65160
668,56201
669,86258
670,85260
671,61080
672,68760
673,54840
674,49200
675,57615
676,57224
677,78468
678,54000
679,70800
680,49200
681,69639
682,50936
683,86006
684,84780
685,74580
686,66420
687,68841
688,85890
689,54840
690,56040
691,66479
692,62106
693,56580
694,84896
695,49680
696,65520
697,57660
698,53520
699,64301
700,57360
701,71954
702,84496
703,50460
704,57620
705,66480
706,57848
707,58848
708,49920
709,86398
710,59280
711,53760
712,63604
713,59935
714,71931
715,55440
716,78445
717,53520
718,51750
719,53160
720,53427
721,48993
722,55800
723,54960
724,82848
725,61620
726,86209
727,52800
728,60210
729,61786
730,53282
731,51900
732,54530
733,57910
734,57997
735,82159
736,60444
737,49920
738,86300
739,65040
740,58800
741,48705
742,72461
743,76856
744,82786
745,58983
746,86300
747,86399
748,52606
749,55778
750,49920
751,59160
752,68257
753,50700
754,50304
755,59633
756,54420
757,50315
758,54300
759,48320
760,69840
761,57300
762,55980
763,69410
764,85500
765,85680
766,84720
767,50760
768,72240
769,58051
770,60150
771,53880
772,49273
773,63415
774,56927
775,58270
776,51000
777,55800
778,50369
779,49603
780,77405
781,58721
782,63300
783,84220
784,62462
785,60482
786,52020
787,59040
788,69960
789,58657
790,58594
791,82800
792,56149
793,57730
794,63641
795,54325
796,55383
797,56460
798,53700
799,52920
800,63180
801,57257
802,80716
803,55200
804,64562
805,57323
806,85667
807,86129
808,71280
809,84420
810,66806
811,65917
812,52880
813,65469
814,58980
815,51553
816,58526
817,63787
818,71829
819,50820
820,49092
821,67523
822,50640
823,56760
824,57599
825,71242
826,63240
827,64101
828,86386
829,64140
830,79320
831,50520
832,79295
833,57600
834,72260
835,50159
836,67118
837,54779
838,84960
839,65553
840,49740
841,78539
842,50048
843,64320
844,85860
845,56100
846,79320
847,58051
848,54480
849,64320
850,54612
851,59815
852,74520
853,49560
854,65875
855,50190
856,51600
857,48420
858,52359
859,65690
860,50848
861,51360
862,49126
863,59993
864,48405
865,71083
866,51660
867,57420
868,58827
869,57853
870,61084
871,67967
872,55552
873,48900
874,56100
875,58500
876,84900
877,52062
878,66027
879,49672
880,51900
881,62467
882,86160
883,57482
884,79171
885,86285
886,83700
887,52881
888,61288
889,63466
890,66389
891,83913
892,73260
893,51300
894,72629
895,66936
896,66416
897,52274
898,58080
899,53340
900,66525
901,72791
902,62345
903,51660
904,86359
905,49020
906,69922
907,61140
908,54516
909,76721
910,86252
911,64518
912,66291
913,56760
914,56924
915,50280
916,68700
917,86316
918,86300
919,86040
920,81600
921,71760
922,66666
923,83160
924,71204
925,82663
926,61933
927,51060
928,57960
929,53377
930,56356
931,84180
932,60960
933,53280
934,62882
935,56176
936,50588
937,85158
938,61980
939,72240
940,49746
941,58200
942,61620
943,62040
944,74640
945,55010
946,52500
947,52175
948,49539
949,48465
950,55196
951,51180
952,81840
953,52380
954,49320
955,51540
956,82020
957,54540
958,50160
959,71562
960,68760
961,49560
962,53899
963,75120
964,55767
965,66192
966,86340
967,57230
968,50807
969,52587
970,86280
971,48360
972,60024
973,83940
974,57901
975,60523
976,78000
977,52660
978,56070
979,65040
980,54386
981,51000
982,62215
983,55824
984,52391
985,86357
986,79800
987,82860
988,56352
989,66120
990,48715
991,64232
992,51060
993,54394
994,59576
995,53816
996,56580
997,60468
998,78360
999,51480
1000,54300
1001,75360
1002,59849
1003,69014
1004,55970
1005,57480
1006,64860
1007,58140
1008,49920
1009,81855
1010,50667
1011,54740
1012,58812
1013,86322
1014,53820
1015,56955
1016,82930
1017,54522
1018,56428
1019,67281
1020,52080
1021,55908
1022,70393
1023,54023
1024,70260
1025,59053
1026,56168
1027,71998
1028,55576
1029,86290
1030,65160
1031,59545
1032,53810
1033,53880
1034,85320
1035,50640
1036,48679
1037,62280
1038,61491
1039,61171
1040,50564
1041,78609
1042,48300
1043,49440
1044,86280
1045,56220
1046,65508
1047,49741
1048,85590
1049,55140
1050,70370
1051,59643
1052,54989
1053,56040
1054,80940
1055,76775
1056,65715
1057,85021
1058,60000
1059,64051
1060,52320
1061,59104
1062,79919
1063,50160
1064,71152
1065,80720
1066,53613
1067,48565
1068,50280
1069,74700
1070,69411
1071,52297
1072,48673
1073,59100
1074,86340
1075,58500
1076,54899
1077,84300
1078,86322
1079,72909
1080,73598
1081,86270
1082,82022
1083,64515
1084,55620
1085,57740
1086,55200
1087,52500
1088,65742
1089,86340
1090,75673
1091,58680
1092,59340
1093,86326
1094,57659
1095,57360
1096,54023
1097,75360
1098,84780
1099,53677
1100,55320
1101,50133
1102,79648
1103,86392
1104,60300
1105,73893
1106,51827
1107,57300
1108,61740
1109,60000
1110,66801
1111,86340
1112,71480
1113,80889
1114,64774
1115,50940
1116,55053
1117,58620
1118,77820
1119,56220
1120,86340
1121,52110
1122,57995
1123,54496
1124,79320
1125,50399
1126,78300
1127,86263
1128,70663
1129,49020
1130,65469
1131,58440
1132,68640
1133,67260
1134,56165
1135,66327
1136,56745
1137,50559
1138,62652
1139,82980
1140,65974
1141,86340
1142,58320
1143,53471
1144,59100
1145,85440
1146,50160
1147,86328
1148,80404
1149,72687
1150,84092
1151,62267
1152,85920
1153,55111
1154,68640
1155,49808
1156,69136
1157,55380
1158,72425
1159,56158
1160,66480
1161,84600
1162,55740
1163,61508
1164,64802
1165,86341
1166,56078
1167,64140
1168,50676
1169,50347
1170,58034
1171,52320
1172,86188
1173,72540
1174,66348
1175,50580
1176,58278
1177,62982
1178,48943
1179,56400
1180,53099
1181,55140
1182,58320
1183,50640
1184,72360
1185,54480
1186,52865
1187,71700
1188,52560
1189,55546
1190,53760
1191,59290
1192,86340
1193,65540
1194,50520
1195,52231
1196,86359
1197,56220
1198,71033
1199,48540
1200,73323
1201,57686
1202,52319
1203,66194
1204,83760
1205,71065
1206,51420
1207,75180
1208,70953
1209,62235
1210,50580
1211,54730
1212,52678
1213,64751
1214,55680
1215,63300
1216,54660
1217,55314
1218,86295
1219,54600
1220,54540
1221,51915
1222,56160
1223,54420
1224,82865
1225,55053
1226,60646
1227,52920
1228,52180
1229,55323
1230,50912
1231,72594
1232,55474
1233,86340
1234,56697
1235,61445
1236,59035
1237,86256
1238,51180
1239,86264
1240,66174
1241,58298
1242,70794
1243,57317
1244,86203
1245,68507
1246,58020
1247,75618
1248,75283
1249,56142
1250,52766
1251,57823
1252,49080
1253,50087
1254,56280
1255,56511
1256,48582
1257,67560
1258,86042
1259,61136
1260,53160
1261,58260
1262,86213
1263,58560
1264,53654
1265,48300
1266,61380
1267,86340
1268,52920
1269,86340
1270,54948
1271,65591
1272,86340
1273,61920
1274,82860
1275,52740
1276,69534
1277,65400
1278,66103
1279,74984
1280,61620
1281,56520
1282,49987
1283,53820
1284,66040
1285,58260
1286,71604
1287,51650
1288,72179
1289,84037
1290,53457
1291,52380
1292,57211
1293,48731
1294,60932
1295,52099
1296,58568
1297,56220
1298,53325
1299,60360
1300,58080
1301,48600
1302,76235
1303,69716
1304,56212
1305,54660
1306,70867
1307,57720
1308,63420
1309,68439
1310,71040
1311,65460
1312,75900
1313,86340
1314,62100
1315,56298
1316,56460
1317,48660
1318,57844
1319,52050
1320,86340
1321,55445
1322,69120
1323,50301
1324,53344
1325,59231
1326,85910
1327,48600
1328,68267
1329,52200
1330,69180
1331,55289
1332,61260
1333,57730
1334,57900
1335,55860
1336,52800
1337,56476
1338,68178
1339,59580
1340,63166
1341,63480
1342,66781
1343,58920
1344,53947
1345,54360
1346,52550
1347,69780
1348,75360
1349,55140
1350,70698
1351,50037
1352,54972
1353,49800
1354,56412
1355,85865
1356,55766
1357,82860
1358,57776
1359,65594
1360,66392
1361,51972
1362,53626
1363,55556
1364,59275
1365,74400
1366,55542
1367,56880
1368,57439
1369,83286
1370,51480
1371,58620
1372,51660
1373,61260
1374,52227
1375,57510
1376,86280
1377,52020
1378,70446
1379,86263
1380,53340
1381,58920
1382,57480
1383,83460
1384,66060
1385,57900
1386,49620
1387,60000
1388,57600
1389,86330
1390,64440
1391,80700
1392,59400
1393,86343
1394,86254
1395,86330
1396,48811
1397,86246
1398,59360
1399,78622
1400,48911
1401,58232
1402,86300
1403,49080
1404,49078
1405,86236
1406,52380
1407,60960
1408,58020
1409,66589
1410,48319
1411,57480
1412,62537
1413,79260
1414,58500
1415,48840
1416,61772
1417,61040
1418,52532
1419,60129
1420,86226
1421,82942
1422,53040
1423,65019
1424,51181
1425,49696
1426,54540
1427,63995
1428,55893
1429,61320
1430,51466
1431,58990
1432,79320
1433,70423
1434,64319
1435,80100
1436,48934
1437,52790
1438,53940
1439,61440
1440,78797
1441,66590
1442,48480
1443,65164
1444,54300
1445,53433
1446,53514
1447,63483
1448,54997
1449,82860
1450,48360
1451,70551
1452,53887
1453,75913
1454,60355
1455,54480
1456,51060
1457,52320
1458,85260
1459,48406
1460,69200
1461,85080
1462,50280
1463,50760
1464,86239
1465,64740
1466,55920
1467,85515
1468,53100
1469,51393
1470,51001
1471,77921
1472,56820
1473,55539
1474,49577
1475,81409
1476,75278
1477,50385
1478,85560
1479,55896
1480,62160
1481,61009
1482,62555
1483,86348
1484,61942
1485,53280
1486,48900
1487,53100
1488,79320
1489,55058
1490,69780
1491,73260
1492,51240
1493,66364
1494,77026
1495,53787
1496,57200
1497,61200
1498,74820
1499,65190
1500,59803
1501,58080
1502,52620
1503,63667
1504,57096
1505,81575
1506,52200
1507,65520
1508,75180
1509,86297
1510,52320
1511,51864
1512,86329
1513,86273
1514,61497
1515,53940
1516,86200
1517,82680
1518,56287
1519,76800
1520,59160
1521,58445
1522,86334
1523,55800
1524,74520
1525,85042
1526,53571
1527,59757
1528,50392
1529,73200
1530,49849
1531,74687
1532,83327
1533,49158
1534,49266
1535,51065
1536,63765
1537,56280
1538,70980
1539,68700
1540,77387
1541,62458
1542,84019
1543,56700
1544,50160
1545,86220
1546,60240
1547,62306
1548,80776
1549,62725
1550,55379
1551,59820
1552,76044
1553,64680
1554,64200
1555,54060
1556,51175
1557,69360
1558,59001
1559,62617
1560,63111
1561,86229
1562,86205
1563,58054
1564,75480
1565,66300
1566,49800
1567,59220
1568,84540
1569,49910
1570,62760
1571,74833
1572,58198
1573,56580
1574,51120
1575,84527
1576,55020
1577,51240
1578,58200
1579,72835
1580,51000
1581,52811
1582,56280
1583,84660
1584,76844
1585,51960
1586,54587
1587,59220
1588,50680
1589,51480
1590,80100
1591,54865
1592,86275
1593,53400
1594,63578
1595,79182
1596,62258
1597,51240
1598,61978
1599,50788
1600,49020
1601,74048
1602,54900
1603,50983
1604,48955
1605,79320
1606,53340
1607,66798
1608,84660
1609,53051
1610,75852
1611,84480
1612,83234
1613,52939
1614,52251
1615,65655
1616,77037
1617,86247
1618,51780
1619,48713
1620,49281
1621,52800
1622,48360
1623,68880
1624,55800
1625,59978
1626,53745
1627,49140
1628,79972
1629,49620
1630,70097
1631,60060
1632,61544
1633,66049
1634,75120
1635,84240
1636,55680
1637,51947
1638,71400
1639,54420
1640,56486
1641,64518
1642,53760
1643,53280
1644,60300
1645,65520
1646,60300
1647,55107
1648,54526
1649,49392
1650,73740
1651,85440
1652,71984
1653,84780
1654,60567
1655,51900
1656,53977
1657,86328
1658,51420
1659,54600
1660,54160
1661,78368
1662,63374
1663,57498
1664,57606
1665,71160
1666,49070
1667,49423
1668,86280
1669,70761
1670,53277
1671,83428
1672,48551
1673,73655
1674,71219
1675,49283
1676,65017
1677,52999
1678,60804
1679,62275
1680,56220
1681,53340
1682,72283
1683,60900
1684,49260
1685,51614
1686,62728
1687,84900
1688,80147
1689,50311
1690,52920
1691,48360
1692,50640
1693,72490
1694,86340
1695,64413
1696,59181
1697,81660
1698,73486
1699,58911
1700,79931
1701,86100
1702,69065
1703,77770
1704,77417
1705,49019
1706,50880
1707,79380
1708,50177
1709,84120
1710,75300
1711,74847
1712,81962
1713,77201
1714,52238
1715,86220
1716,54004
1717,49137
1718,77347
1719,52740
1720,59772
1721,52731
1722,71524
1723,61320
1724,71217
1725,53220
1726,54780
1727,55200
1728,63539
1729,48667
1730,72100
1731,58440
1732,58800
1733,65603
1734,64560
1735,50549
1736,64385
1737,61380
1738,69013
1739,49440
1740,56637
1741,51573
1742,52774
1743,52740
1744,62696
1745,73020
1746,52416
1747,56580
1748,51868
1749,81206
1750,50348
1751,52961
1752,78269
1753,67819
1754,51529
1755,83880
1756,80728
1757,72886
1758,80741
1759,73260
1760,65593
1761,82860
1762,86281
1763,48840
1764,79163
1765,73746
1766,51120
1767,51000
1768,52154
1769,69780
1770,77406
1771,84920
1772,64163
1773,68399
1774,51000
1775,59594
1776,66000
1777,77393
1778,64862
1779,57540
1780,54540
1781,48427
1782,58920
1783,59640
1784,60720
1785,48779
1786,54695
1787,49936
1788,64217
1789,52860
1790,63412
1791,81936
1792,80821
1793,60420
1794,86249
1795,65924
1796,77774
1797,68046
1798,64073
1799,61592
1800,61020
1801,50280
1802,60720
1803,68312
1804,50590
1805,59498
1806,60449
1807,50820
1808,50510
1809,51998
1810,75912
1811,54884
1812,60880
1813,56313
1814,54900
1815,55936
1816,70345
1817,74940
1818,52265
1819,53820
1820,58380
1821,50438
1822,48954
1823,63693
1824,53100
1825,55680
1826,83340
1827,55740
1828,50260
1829,84328
1830,52320
1831,70140
1832,62917
1833,59298
1834,59508
1835,86209
1836,58192
1837,70440
1838,83658
1839,59611
1840,48451
1841,64609
1842,53890
1843,56993
1844,49097
1845,71700
1846,68289
1847,67930
1848,54668
1849,58800
1850,66124
1851,81120
1852,71340
1853,64275
1854,62265
1855,66737
1856,86270
1857,59952
1858,53040
1859,86394
1860,57035
1861,62280
1862,54029
1863,54740
1864,74160
1865,55560
1866,50881
1867,59210
1868,56820
1869,51819
1870,48900
1871,54540
1872,61912
1873,61360
1874,51271
1875,50035
1876,56820
1877,67020
1878,50700
1879,82860
1880,72580
1881,73320
1882,56623
1883,67644
1884,54720
1885,65045
1886,55140
1887,51720
1888,78624
1889,55020
1890,48960
1891,54660
1892,60120
1893,49320
1894,58743
1895,66841
1896,51277
1897,54013
1898,57887
1899,71754
1900,81140
1901,48778
1902,74530
1903,49734
1904,51360
1905,78351
1906,58218
1907,51797
1908,49200
1909,59586
1910,54240
1911,65634
1912,83400
1913,53700
1914,48668
1915,86340
1916,50406
1917,67500
1918,50194
1919,86323
1920,57128
1921,62489
1922,51277
1923,62770
1924,55180
1925,58333
1926,69180
1927,54360
1928,54900
1929,71845
1930,60920
1931,69739
1932,58288
1933,49743
1934,54360
1935,49834
1936,55680
1937,63327
1938,50580
1939,55800
1940,51120
1941,56439
1942,85368
1943,50178
1944,69239
1945,75748
1946,65678
1947,54120
1948,49680
1949,57060
1950,78280
1951,67080
1952,55920
1953,70915
1954,70500
1955,62280
1956,72840
1957,59183
1958,53400
1959,61674
1960,81093
1961,54384
1962,66095
1963,70864
1964,51826
1965,86366
1966,65639
1967,63600
1968,56760
1969,62876
1970,73908
1971,82337
1972,56220
1973,50534
1974,69180
1975,78633
1976,56430
1977,83860
1978,76200
1979,57699
1980,51780
1981,48300
1982,49620
1983,81840
1984,85620
1985,61560
1986,58380
1987,58080
1988,52853
1989,86336
1990,52380
1991,55171
1992,64967
1993,61077
1994,86214
1995,62040
1996,73471
1997,50160
1998,53518
1999,55320
2000,82860
2001,59309
2002,68710
2003,57676
2004,59762
2005,50400
2006,60056
2007,50520
2008,57360
2009,74040
2010,49380
2011,77160
2012,66300
2013,62264
2014,52016
2015,51120
2016,71040
2017,71206
2018,53933
2019,83040
2020,53642
2021,61860
2022,73702
2023,83649
2024,54937
2025,74838
2026,86362
2027,66960
2028,71906
2029,64920
2030,58890
2031,77363
2032,67103
2033,64416
2034,54579
2035,70560
2036,55743
2037,85482
2038,84060
2039,51717
2040,56944
2041,86292
2042,63780
2043,62191
2044,51777
2045,73987
2046,49920
2047,57240
2048,51780
2049,74563
2050,86377
2051,65717
2052,58381
2053,50193
2054,56460
2055,68716
2056,49200
2057,54660
2058,86330
2059,53160
2060,60542
2061,65447
2062,86389
2063,60506
2064,57414
2065,62141
2066,65654
2067,84688
2068,57540
2069,57180
2070,51976
2071,60780
2072,51457
2073,69192
2074,71973
2075,57099
2076,52920
2077,56880
2078,63206
2079,57300
2080,58500
2081,60414
2082,85020
2083,52677
2084,56100
2085,70980
2086,49260
2087,85260
2088,72056
2089,66995
2090,63065
2091,86301
2092,53100
2093,83520
2094,70165
2095,62280
2096,66474
2097,75552
2098,52080
2099,86263
2100,49144
2101,86296
2102,55092
2103,55507
2104,55260
2105,80097
2106,84702
2107,53391
2108,52195
2109,54842
2110,58169
2111,83520
2112,69451
2113,85192
2114,50995
2115,50760
2116,86267
2117,52320
2118,50040
2119,64142
2120,60826
2121,80820
2122,57553
2123,50049
2124,67972
2125,54400
2126,54633
2127,81918
2128,76411
2129,86323
2130,53700
2131,70814
2132,76741
2133,63060
2134,60584
2135,86288
2136,69480
2137,74261
2138,60600
2139,78233
2140,53580
2141,85680
2142,53580
2143,68827
2144,55133
2145,86278
2146,60543
2147,62704
2148,83459
2149,73420
2150,65584
2151,59645
2152,75180
2153,71640
2154,84060
2155,64080
2156,62923
2157,54107
2158,57945
2159,85260
2160,58860
2161,66660
2162,84420
2163,59284
2164,55974
2165,78722
2166,48300
2167,60000
2168,58860
2169,50160
2170,59913
2171,49200
2172,53100
2173,63104
2174,61320
2175,52380
2176,48991
2177,86215
2178,68697
2179,50409
2180,67237
2181,59340
2182,71642
2183,55621
2184,86009
2185,50280
2186,86340
2187,68113
2188,58644
2189,48480
2190,78786
2191,85617
2192,75269
2193,73848
2194,57454
2195,53971
2196,54120
2197,56880
2198,57720
2199,49680
2200,83460
2201,55140
2202,57997
2203,86244
2204,58371
2205,55893
2206,79254
2207,64680
2208,63027
2209,49819
2210,55152
2211,72240
2212,60480
2213,60780
2214,61243
2215,51338
2216,56041
2217,64080
2218,48762
2219,68823
2220,59220
2221,55020
2222,86340
2223,49122
2224,68438
2225,81562
2226,86317
2227,56838
2228,50280
2229,63720
2230,62319
2231,86249
2232,63300
2233,72780
2234,50940
2235,86240
2236,70800
2237,63170
2238,72240
2239,49500
2240,61920
2241,51420
2242,79665
2243,51166
2244,61551
2245,66719
2246,57240
2247,53160
2248,61620
2249,62147
2250,50128
2251,52020
2252,83889
2253,86280
2254,51480
2255,80580
2256,48420
2257,66425
2258,53423
2259,85260
2260,60648
2261,53317
2262,72909
2263,63207
2264,86344
2265,53100
2266,85024
2267,86197
2268,52099
2269,48780
2270,60840
2271,75000
2272,86306
2273,49062
2274,52020
2275,73260
2276,86045
2277,75300
2278,61232
2279,76882
2280,84600
2281,56952
2282,48917
2283,57423
2284,54540
2285,84720
2286,59400
2287,66167
2288,68700
2289,54750
2290,53861
2291,53880
2292,72780
2293,69792
2294,53256
2295,53760
2296,57180
2297,60688
2298,86327
2299,54995
2300,66720
2301,84093
2302,67260
2303,50760
2304,65160
2305,54030
2306,65796
2307,62483
2308,59948
2309,56547
2310,59875
2311,86324
2312,56483
2313,56985
2314,49020
2315,51120
2316,53400
2317,60733
2318,51754
2319,68318
2320,65700
2321,56820
2322,71370
2323,61200
2324,62404
2325,67980
2326,50460
2327,56620
2328,69619
2329,79119
2330,74640
2331,80775
2332,59917
2333,83678
2334,68940
2335,68920
2336,51295
2337,54660
2338,64928
2339,69831
2340,54660
2341,68831
2342,68700
2343,77370
2344,54545
2345,49415
2346,56189
2347,55373
2348,85380
2349,86040
2350,67977
2351,86368
2352,86232
2353,64035
2354,53131
2355,81933
2356,66610
2357,69300
2358,73762
2359,83460
2360,50235
2361,55020
2362,55440
2363,51734
2364,54480
2365,56340
2366,83498
2367,49230
2368,50280
2369,58287
2370,57385
2371,77098
2372,52680
2373,55320
2374,76581
2375,59584
2376,83584
2377,48891
2378,86340
2379,60420
2380,73423
2381,79320
2382,58670
2383,58980
2384,58624
2385,58620
2386,50460
2387,53460
2388,86374
2389,60840
2390,73544
2391,64871
2392,49707
2393,54540
2394,51568
2395,52920
2396,84360
2397,71589
2398,51728
2399,63300
2400,86315
2401,57121
2402,86212
2403,73323
2404,65160
2405,66685
2406,72300
2407,59506
2408,57591
2409,53520
2410,55260
2411,68040
2412,86185
2413,63236
2414,51000
2415,52955
2416,56721
2417,71656
2418,64997
2419,51637
2420,51087
2421,53910
2422,84120
2423,48421
2424,70129
2425,54806
2426,75840
2427,72390
2428,51548
2429,86340
2430,84560
2431,71759
2432,62042
2433,62040
2434,50354
2435,53052
2436,55740
2437,50530
2438,52920
2439,57180
2440,62311
2441,51840
2442,54660
2443,63641
2444,58440
2445,65910
2446,57300
2447,86340
2448,61740
2449,50280
2450,51120
2451,62580
2452,86301
2453,51270
2454,72051
2455,51780
2456,50880
2457,66394
2458,60000
2459,60433
2460,86195
2461,86340
2462,55724
2463,57192
2464,84000
2465,53831
2466,63720
2467,84780
2468,79592
2469,84901
2470,84660
2471,86340
2472,54570
2473,59772
2474,54780
2475,58500
2476,60060
2477,62961
2478,56220
2479,51716
2480,52020
2481,53820
2482,52260
2483,62485
2484,82665
2485,57534
2486,48600
2487,75840
2488,57350
2489,50460
2490,58380
2491,48412
2492,72660
2493,50562
2494,73440
2495,55034
2496,62260
2497,61581
2498,49500
2499,86340
2500,67827
2501,58320
2502,63666
2503,54266
2504,59461
2505,51120
2506,56165
2507,53220
2508,67500
2509,50280
2510,86374
2511,48827
2512,60166
2513,86340
2514,52703
2515,53738
2516,63240
2517,68573
2518,56157
2519,84540
2520,58440
2521,49129
2522,53880
2523,85413
2524,54000
2525,58192
2526,59773
2527,65873
2528,53820
2529,64905
2530,53460
2531,49595
2532,86340
2533,55020
2534,64712
2535,58860
2536,71820
2537,48588
2538,86249
2539,53820
2540,57840
2541,56100
2542,49951
2543,74450
2544,63780
2545,56640
2546,51240
2547,54297
2548,58560
2549,55957
2550,63302
2551,49200
2552,54540
2553,70560
2554,52200
2555,86333
2556,72041
2557,83329
2558,58842
2559,74130
2560,71220
2561,76918
2562,74100
2563,53920
2564,61140
2565,66254
2566,55380
2567,52358
2568,49320
2569,51780
2570,59040
2571,68648
2572,58440
2573,79680
2574,80378
2575,86326
2576,57514
2577,57420
2578,53624
2579,55380
2580,86306
2581,61440
2582,55140
2583,58740
2584,64074
2585,54840
2586,51000
2587,81279
2588,57735
2589,54412
2590,63840
2591,66098
2592,53040
2593,84120
2594,54540
2595,53160
2596,61620
2597,68144
2598,54962
2599,63445
2600,69731
2601,59995
2602,55740
2603,56940
2604,86340
2605,51540
2606,59940
2607,48540
2608,54784
2609,71658
2610,65676
2611,64860
2612,68243
2613,51273
2614,86346
2615,54240
2616,81660
2617,72240
2618,68184
2619,64920
2620,86382
2621,57060
2622,64800
2623,86325
2624,86280
2625,59040
2626,50040
2627,60480
2628,86340
2629,60660
2630,50927
2631,84771
2632,84180
2633,51151
2634,75451
2635,51346
2636,86338
2637,58606
2638,86280
2639,86313
2640,52547
2641,57118
2642,48897
2643,51120
2644,61680
2645,51984
2646,74880
2647,58500
2648,65481
2649,63568
2650,50340
2651,76416
2652,61620
2653,59511
2654,51555
2655,67122
2656,86237
2657,73080
2658,73447
2659,63415
2660,60660
2661,65320
2662,58380
2663,73320
2664,55860
2665,56100
2666,57364
2667,58943
2668,60857
2669,61331
2670,55980
2671,49980
2672,66185
2673,50416
2674,56653
2675,51420
2676,60540
2677,61553
2678,56160
2679,86338
2680,59161
2681,49917
2682,52260
2683,55500
2684,71124
2685,67445
2686,57420
2687,86251
2688,86221
2689,62220
2690,74336
2691,52260
2692,74400
2693,61140
2694,50820
2695,76508
2696,56544
2697,57900
2698,55440
2699,54221
2700,86379
2701,54960
2702,74017
2703,55323
2704,54643
2705,65673
2706,53042
2707,62564
2708,50280
2709,57060
2710,61200
2711,76440
2712,73620
2713,49560
2714,75664
2715,55980
2716,61828
2717,68006
2718,54240
2719,86396
2720,58440
2721,53340
2722,52920
2723,49525
2724,83280
2725,79500
2726,63420
2727,53340
2728,66616
2729,55143
2730,49080
2731,49702
2732,79452
2733,57660
2734,52080
2735,58200
2736,69486
2737,64260
2738,60458
2739,60071
2740,56791
2741,56476
2742,58145
2743,63108
2744,60957
2745,75015
2746,61283
2747,67346
2748,78669
2749,62593
2750,84445
2751,72627
2752,65702
2753,54300
2754,55239
2755,84255
2756,48360
2757,72058
2758,60356
2759,52929
2760,60720
2761,52356
2762,48434
2763,55140
2764,51780
2765,52796
2766,54540
2767,61472
2768,48475
2769,62318
2770,65880
2771,67960
2772,51900
2773,55320
2774,71918
2775,73860
2776,55294
2777,72840
2778,67169
2779,54201
2780,68460
2781,49920
2782,67730
2783,52858
2784,69605
2785,55967
2786,65640
2787,53310
2788,86234
2789,85800
2790,62162
2791,54960
2792,72278
2793,58320
2794,84314
2795,49091
2796,54300
2797,58980
2798,60638
2799,73362
2800,48420
2801,53340
2802,55500
2803,61029
2804,63454
2805,51040
2806,75541
2807,48868
2808,58606
2809,52180
2810,61646
2811,60270
2812,64380
2813,59498
2814,53403
2815,73860
2816,56914
2817,56040
2818,86270
2819,80460
2820,86160
2821,54989
2822,53860
2823,54660
2824,49157
2825,62396
2826,64801
2827,86377
2828,59340
2829,49002
2830,51360
2831,51457
2832,81600
2833,60899
2834,58065
2835,68983
2836,66159
2837,58544
2838,51660
2839,72834
2840,64966
2841,52476
2842,75780
2843,56960
2844,54253
2845,80611
2846,68397
2847,71805
2848,49680
2849,57780
2850,61748
2851,66844
2852,72240
2853,70031
2854,54540
2855,66816
2856,59275
2857,59542
2858,50026
2859,76918
2860,49500
2861,63622
2862,53449
2863,53015
2864,64811
2865,56861
2866,72186
2867,56400
2868,86354
2869,63925
2870,86394
2871,57751
2872,51506
2873,59600
2874,58200
2875,77459
2876,81000
2877,52320
2878,58058
2879,58800
2880,80940
2881,59190
2882,57240
2883,52053
2884,55140
2885,53343
2886,53520
2887,54780
2888,51360
2889,57240
2890,62236
2891,51765
2892,48734
2893,86340
2894,51259
2895,54360
2896,69685
2897,63120
2898,67092
2899,51480
2900,59284
2901,59903
2902,60381
2903,54480
2904,50949
2905,54875
2906,63804
2907,56244
2908,71460
2909,54268
2910,81600
2911,71843
2912,82620
2913,48600
2914,86291
2915,54780
2916,53191
2917,58662
2918,61416
2919,77553
2920,57120
2921,48894
2922,51745
2923,63358
2924,56835
2925,58680
2926,86315
2927,54540
2928,56767
2929,49213
2930,79440
2931,55140
2932,52163
2933,57840
2934,55620
2935,84063
2936,56193
2937,54525
2938,55440
2939,52500
2940,50906
2941,84300
2942,85615
2943,57480
2944,60300
2945,69010
2946,82459
2947,54372
2948,82640
2949,78315
2950,48960
2951,86361
2952,85020
2953,86220
2954,51379
2955,62412
2956,48987
2957,54480
2958,62580
2959,86307
2960,61521
2961,53189
2962,52080
2963,58949
2964,68640
2965,69577
2966,48867
2967,62622
2968,74460
2969,86307
2970,86251
2971,58320
2972,50340
2973,53100
2974,86236
2975,73800
2976,54310
2977,79200
2978,86377
2979,68667
2980,69219
2981,56510
2982,78240
2983,84621
2984,53102
2985,60329
2986,51360
2987,55069
2988,64620
2989,50640
2990,50353
2991,86152
2992,73577
2993,54698
2994,54847
2995,75060
2996,68640
2997,59131
2998,82860
2999,57360
3000,72240
3001,66727
3002,49522
3003,68640
3004,72660
3005,50931
3006,62625
3007,86217
3008,50742
3009,68741
3010,84421
3011,51800
3012,53325
3013,86340
3014,60360
3015,56100
3016,76921
3017,52620
3018,56924
3019,57437
3020,61911
3021,55560
3022,69137
3023,51360
3024,60596
3025,50902
3026,58860
3027,60113
3028,58500
3029,56008
3030,52681
3031,86363
3032,50742
3033,50599
3034,53100
3035,66375
3036,57478
3037,51573
3038,50515
3039,81240
3040,56252
3041,77283
3042,57360
3043,52980
3044,52045
3045,85500
3046,55971
3047,54000
3048,85680
3049,76984
3050,61184
3051,52320
3052,58222
3053,56400
3054,58440
3055,86336
3056,65460
3057,57257
3058,86392
3059,56664
3060,55917
3061,54360
3062,61289
3063,68529
3064,69840
3065,53711
3066,80052
3067,76087
3068,59259
3069,69660
3070,58920
3071,51240
3072,85860
3073,57600
3074,56997
3075,71668
3076,60399
3077,59940
3078,80484
3079,49200
3080,55639
3081,62735
3082,49663
3083,56778
3084,55800
3085,59400
3086,86318
3087,76142
3088,83340
3089,86369
3090,70080
3091,60660
3092,53238
3093,50873
3094,50693
3095,62668
3096,86251
3097,57300
3098,58980
3099,84240
3100,86295
3101,60853
3102,65760
3103,49560
3104,52440
3105,50847
3106,59799
3107,56268
3108,59605
3109,70825
3110,54780
3111,61020
3112,78434
3113,50280
3114,80105
3115,70260
3116,57823
3117,59790
3118,54120
3119,67079
3120,67190
3121,84780
3122,49816
3123,85980
3124,68800
3125,51540
3126,57614
3127,52469
3128,54600
3129,86242
3130,79862
3131,62836
3132,59040
3133,55980
3134,62520
3135,49517
3136,48440
3137,81240
3138,66900
3139,50590
3140,64100
3141,52377
3142,86315
3143,51060
3144,60136
3145,52860
3146,85825
3147,52020
3148,56314
3149,67140
3150,56880
3151,59820
3152,50944
3153,57583
3154,54789
3155,53846
3156,60820
3157,79320
3158,86321
3159,69180
3160,64199
3161,58594
3162,64869
3163,84238
3164,54912
3165,60936
3166,84836
3167,48409
3168,74640
3169,84269
3170,86118
3171,52630
3172,75390
3173,85200
3174,66581
3175,77783
3176,54699
3177,83520
3178,49560
3179,71568
3180,73260
3181,50220
3182,74562
3183,55539
3184,51000
3185,60380
3186,70080
3187,69635
3188,56053
3189,55428
3190,48754
3191,52287
3192,51240
3193,58980
3194,77760
3195,50640
3196,57304
3197,80636
3198,58061
3199,73080
3200,55260
3201,86206
3202,59488
3203,59589
3204,52007
3205,77040
3206,86328
3207,58406
3208,61860
3209,85981
3210,58260
3211,52488
3212,56520
3213,55500
3214,58391
3215,51064
3216,57672
3217,49620
3218,57160
3219,54720
3220,63428
3221,57180
3222,55524
3223,54480
3224,76554
3225,57375
3226,49459
3227,84420
3228,55920
3229,53400
3230,67757
3231,64138
3232,53322
3233,55571
3234,55200
3235,55702
3236,76532
3237,53040
3238,54257
3239,86327
3240,58449
3241,85245
3242,62567
3243,51881
3244,75000
3245,53992
3246,54660
3247,55821
3248,67200
3249,53194
3250,53580
3251,86370
3252,57697
3253,69180
3254,53021
3255,55865
3256,86395
3257,52920
3258,51900
3259,72946
3260,58980
3261,66126
3262,68820
3263,57000
3264,57900
3265,68427
3266,51780
3267,71472
3268,63170
3269,64268
3270,56182
3271,86340
3272,51673
3273,52304
3274,48626
3275,54180
3276,50830
3277,55514
3278,74580
3279,52500
3280,72744
3281,86322
3282,51660
3283,83035
3284,67139
3285,62071
3286,86036
3287,63780
3288,56154
3289,49986
3290,65380
3291,58842
3292,69580
3293,65940
3294,74760
3295,57656
3296,53580
3297,52260
3298,50878
3299,55320
3300,63559
3301,53154
3302,60480
3303,57120
3304,57540
3305,61310
3306,55320
3307,83141
3308,64320
3309,52860
3310,64327
3311,63240
3312,63198
3313,52860
3314,63300
3315,48614
3316,55682
3317,61620
3318,64521
3319,57300
3320,49980
3321,51000
3322,86150
3323,66000
3324,52680
3325,82425
3326,86340
3327,55200
3328,56940
3329,48480
3330,74710
3331,67223
3332,78779
3333,56401
3334,50630
3335,69977
3336,71748
3337,53328
3338,53280
3339,72240
3340,59207
3341,86102
3342,50520
3343,86160
3344,49680
3345,59946
3346,65198
3347,64382
3348,54016
3349,54540
3350,53547
3351,79680
3352,86187
3353,82800
3354,60461
3355,50104
3356,52380
3357,65879
3358,65650
3359,86340
3360,48595
3361,51671
3362,86297
3363,59880
3364,82860
3365,66763
3366,75060
3367,61563
3368,53856
3369,51079
3370,84568
3371,55150
3372,77300
3373,68700
3374,60737
3375,71220
3376,48660
3377,64804
3378,68498
3379,65799
3380,51002
3381,56012
3382,48646
3383,59878
3384,50880
3385,54322
3386,69060
3387,86301
3388,51801
3389,85832
3390,68400
3391,84960
3392,50712
3393,54540
3394,55772
3395,59239
3396,50780
3397,56880
3398,53250
3399,57480
3400,63780
3401,51970
3402,70200
3403,51934
3404,86277
3405,61755
3406,59340
3407,65652
3408,83880
3409,65160
3410,60385
3411,75407
3412,65717
3413,70201
3414,86200
3415,71066
3416,50460
3417,54555
3418,72407
3419,72815
3420,59073
3421,86340
3422,56362
3423,69780
3424,48600
3425,84179
3426,72657
3427,82020
3428,59940
3429,75245
3430,75356
3431,86340
3432,86306
3433,79359
3434,56441
3435,55133
3436,62419
3437,50356
3438,80940
3439,61883
3440,54360
3441,51180
3442,86340
3443,51360
3444,53400
3445,57434
3446,63140
3447,58706
3448,83100
3449,52467
3450,48900
3451,56784
3452,54939
3453,56033
3454,65160
3455,57928
3456,53354
3457,57981
3458,63360
3459,84500
3460,51660
3461,61693
3462,50760
3463,49089
3464,76943
3465,83940
3466,51720
3467,57290
3468,81755
3469,52800
3470,61200
3471,57423
3472,74820
3473,62278
3474,86387
3475,52655
3476,83040
3477,78882
3478,72404
3479,51120
3480,49962
3481,51410
3482,56609
3483,64953
3484,64602
3485,84540
3486,52438
3487,52152
3488,55362
3489,51780
3490,86347
3491,80454
3492,51590
3493,66700
3494,51120
3495,60453
3496,49620
3497,50882
3498,85660
3499,66900
3500,71962
3501,73860
3502,84372
3503,68283
3504,56100
3505,54381
3506,63192
3507,53487
3508,50189
3509,60525
3510,86264
3511,70490
3512,54300
3513,56760
3514,52385
3515,53912
3516,53012
3517,50880
3518,57300
3519,58945
3520,58560
3521,54364
3522,75430
3523,52740
3524,65040
3525,58087
3526,72426
3527,56460
3528,75000
3529,72660
3530,58502
3531,55500
3532,83151
3533,51300
3534,57540
3535,48300
3536,54252
3537,58480
3538,56088
3539,49200
3540,68451
3541,67719
3542,86347
3543,61500
3544,84185
3545,77680
3546,56875
3547,68700
3548,85346
3549,59056
3550,49515
3551,52440
3552,85080
3553,81720
3554,64947
3555,55728
3556,60033
3557,75105
3558,55531
3559,71441
3560,56795
3561,59666
3562,86374
3563,51021
3564,75241
3565,61259
3566,61631
3567,52836
3568,52500
3569,82329
3570,70612
3571,86280
3572,54093
3573,72222
3574,86340
3575,76400
3576,51960
3577,80224
3578,48681
3579,74907
3580,62460
3581,61182
3582,78462
3583,49550
3584,57060
3585,48540
3586,56031
3587,58847
3588,54863
3589,48480
3590,54503
3591,48846
3592,51420
3593,86382
3594,49860
3595,61740
3596,65701
3597,57240
3598,76885
3599,86051
3600,64268
3601,54780
3602,76629
3603,51600
3604,57360
3605,58980
3606,60652
3607,57120
3608,48874
3609,50640
3610,58680
3611,55645
3612,84120
3613,69395
3614,59237
3615,57300
3616,49353
3617,62522
3618,58260
3619,68424
3620,58357
3621,48960
3622,86027
3623,75189
3624,86266
3625,52307
3626,63780
3627,57060
3628,53220
3629,55680
3630,54037
3631,64740
3632,64588
3633,50400
3634,48960
3635,63248
3636,54962
3637,83160
3638,59764
3639,51171
3640,56091
3641,56700
3642,64444
3643,50224
3644,80280
3645,64814
3646,58973
3647,55860
3648,57900
3649,68911
3650,85920
3651,53760
3652,53400
3653,86269
3654,78360
3655,53220
3656,61032
3657,53580
3658,53280
3659,51150
3660,86372
3661,54222
3662,54240
3663,63304
3664,57930
3665,72765
3666,49380
3667,50235
3668,49800
3669,59151
3670,53100
3671,85320
3672,53820
3673,62955
3674,60840
3675,58745
3676,70753
3677,65148
3678,65029
3679,58080
3680,52920
3681,50760
3682,56160
3683,49140
3684,86190
3685,74700
3686,63577
3687,75120
3688,57467
3689,72480
3690,48345
3691,73500
3692,66692
3693,48597
3694,48480
3695,55380
3696,49440
3697,55232
3698,52467
3699,86227
3700,60000
3701,67407
3702,53760
3703,53185
3704,86169
3705,57156
3706,57540
3707,64620
3708,61500
3709,70626
3710,79212
3711,64197
3712,75180
3713,57800
3714,60360
3715,63393
3716,60570
3717,86301
3718,81321
3719,51480
3720,65956
3721,60420
3722,57360
3723,63419
3724,55839
3725,51000
3726,79744
3727,55740
3728,51064
3729,86260
3730,58740
3731,67320
3732,85800
3733,50520
3734,84571
3735,57666
3736,75763
3737,66698
3738,80655
3739,67800
3740,50525
3741,53820
3742,53891
3743,51960
3744,56256
3745,56710
3746,50700
3747,50580
3748,50688
3749,83460
3750,65088
3751,60101
3752,84349
3753,86230
3754,67619
3755,86340
3756,48359
3757,51120
3758,57126
3759,86312
3760,86324
3761,49560
3762,71760
3763,63323
3764,83740
3765,49620
3766,79027
3767,61551
3768,59220
3769,66060
3770,71101
3771,63306
3772,54720
3773,58256
3774,85260
3775,70085
3776,56880
3777,62232
3778,50460
3779,54423
3780,73980
3781,60809
3782,69576
3783,55680
3784,53580
3785,56640
3786,55740
3787,57070
3788,52820
3789,49349
3790,57019
3791,49260
3792,55800
3793,51307
3794,59049
3795,50457
3796,51900
3797,51955
3798,85200
3799,55140
3800,62878
3801,56640
3802,54180
3803,50760
3804,86262
3805,50880
3806,53267
3807,50402
3808,63099
3809,54840
3810,86178
3811,76924
3812,86365
3813,53227
3814,52797
3815,55320
3816,55560
3817,61767
3818,71220
3819,69927
3820,55106
3821,83797
3822,55386
3823,58140
3824,55980
3825,78577
3826,52782
3827,52080
3828,57060
3829,57900
3830,58032
3831,48840
3832,52173
3833,59079
3834,56332
3835,51143
3836,51904
3837,52320
3838,60960
3839,54003
3840,57060
3841,64816
3842,59100
3843,73380
3844,50100
3845,65377
3846,84338
3847,50019
3848,59886
3849,50812
3850,61256
3851,56580
3852,57960
3853,61961
3854,66921
3855,54540
3856,85500
3857,71974
3858,86156
3859,54180
3860,51180
3861,64186
3862,78701
3863,62570
3864,73143
3865,67302
3866,85283
3867,48414
3868,79463
3869,59580
3870,49661
3871,51780
3872,60400
3873,53640
3874,73320
3875,79219
3876,86381
3877,61997
3878,54060
3879,54895
3880,54960
3881,59580
3882,54841
3883,73279
3884,77177
3885,67935
3886,65847
3887,62251
3888,60851
3889,66433
3890,63458
3891,60286
3892,49321
3893,65218
3894,49380
3895,83820
3896,58835
3897,53940
3898,48900
3899,86222
3900,54240
3901,86176
3902,57120
3903,68340
3904,68100
3905,51120
3906,56072
3907,86015
3908,61659
3909,75360
3910,55020
3911,74160
3912,74076
3913,53281
3914,70697
3915,63086
3916,52500
3917,86340
3918,59940
3919,71406
3920,74340
3921,48300
3922,58140
3923,55054
3924,70547
3925,71580
3926,68220
3927,79666
3928,54468
3929,72030
3930,79437
3931,86234
3932,65091
3933,60060
3934,51646
3935,51949
3936,72619
3937,48767
3938,53791
3939,71640
3940,52593
3941,50560
3942,52320
3943,86271
3944,49964
3945,53002
3946,53384
3947,67260
3948,75266
3949,62952
3950,50569
3951,57666
3952,65476
3953,60660
3954,84540
3955,52816
3956,50627
3957,62542
3958,60180
3959,51028
3960,54507
3961,54960
3962,48822
3963,79492
3964,59220
3965,50025
3966,76777
3967,57240
3968,49478
3969,84939
3970,58440
3971,86388
3972,57620
3973,55724
3974,61278
3975,53742
3976,51900
3977,52800
3978,86247
3979,49295
3980,52185
3981,56909
3982,73283
3983,55601
3984,86340
3985,49800
3986,68881
3987,74085
3988,54113
3989,67320
3990,64812
3991,86239
3992,64557
3993,49680
3994,68580
3995,86305
3996,49620
3997,52740
3998,56460
3999,61308
4000,51808
4001,66637
4002,59460
4003,57670
4004,62174
4005,54780
4006,75424
4007,72364
4008,84480
4009,80919
4010,86308
4011,86346
4012,80877
4013,69660
4014,75662
4015,56880
4016,68580
4017,49828
4018,86378
4019,51300
4020,51780
4021,69293
4022,56940
4023,57385
4024,60496
4025,50340
4026,60478
4027,58509
4028,58440
4029,54120
4030,86303
4031,51313
4032,50935
4033,82573
4034,52080
4035,56014
4036,52862
4037,63840
4038,51240
4039,55283
4040,58380
4041,51182
4042,86316
4043,58560
4044,52680
4045,48822
4046,57506
4047,66960
4048,86360
4049,83072
4050,53649
4051,56580
4052,83640
4053,86259
4054,50411
4055,53073
4056,56580
4057,86333
4058,50460
4059,80013
4060,49740
4061,57563
4062,59820
4063,48782
4064,51600
4065,53189
4066,58094
4067,74007
4068,53718
4069,53400
4070,58559
4071,55628
4072,48655
4073,84069
4074,67899
4075,59507
4076,50675
4077,54686
4078,85020
4079,73200
4080,68460
4081,53488
4082,60660
4083,51900
4084,50403
4085,62820
4086,59400
4087,52200
4088,61560
4089,86365
4090,84720
4091,59340
4092,67260
4093,86215
4094,70738
4095,53312
4096,54125
4097,53214
4098,77254
4099,62700
4100,49200
4101,69360
4102,57954
4103,73146
4104,56220
4105,85620
4106,60070
4107,72026
4108,55080
4109,48780
4110,48960
4111,50820
4112,64650
4113,80201
4114,58020
4115,55295
4116,69120
4117,63210
4118,53160
4119,56572
4120,77510
4121,59286
4122,53155
4123,61961
4124,57036
4125,53760
4126,50640
4127,54780
4128,53520
4129,49080
4130,58440
4131,55550
4132,68639
4133,75953
4134,53460
4135,62052
4136,52467
4137,77520
4138,57197
4139,71640
4140,63120
4141,83413
4142,53520
4143,86306
4144,64629
4145,59658
4146,63361
4147,57293
4148,54660
4149,55200
4150,71244
4151,51240
4152,55013
4153,79363
4154,49980
4155,86281
4156,60180
4157,68700
4158,59268
4159,71668
4160,75780
4161,61815
4162,48632
4163,68364
4164,55440
4165,51625
4166,62822
4167,59280
4168,54540
4169,73366
4170,61440
4171,50288
4172,70980
4173,53100
4174,62940
4175,60439
4176,73560
4177,86230
4178,85905
4179,62400
4180,59909
4181,59300
4182,68824
4183,55197
4184,52747
4185,51755
4186,55539
4187,75420
4188,54090
4189,66897
4190,59160
4191,82722
4192,69219
4193,86258
4194,86160
4195,69566
4196,58321
4197,62795
4198,86295
4199,70540
4200,60641
4201,54021
4202,55920
4203,65467
4204,48780
4205,74422
4206,65700
4207,83700
4208,65905
4209,50640
4210,57180
4211,66418
4212,69770
4213,74974
4214,53640
4215,67568
4216,81829
4217,63542
4218,48442
4219,60840
4220,57420
4221,86351
4222,83229
4223,57270
4224,60482
4225,62046
4226,79279
4227,74040
4228,57240
4229,58158
4230,54130
4231,58920
4232,59735
4233,63998
4234,59880
4235,57431
4236,86203
4237,57605
4238,78824
4239,52414
4240,67260
4241,75120
4242,86014
4243,52153
4244,76094
4245,51636
4246,63118
4247,66895
4248,56428
4249,71929
4250,50880
4251,55027
4252,71329
4253,84360
4254,62091
4255,56378
4256,48415
4257,53100
4258,65625
4259,57841
4260,85169
4261,59531
4262,64541
4263,82800
4264,49260
4265,86250
4266,65508
4267,74309
4268,67176
4269,48720
4270,62799
4271,59460
4272,50700
4273,62630
4274,61320
4275,48540
4276,83580
4277,49554
4278,53124
4279,48921
4280,83160
4281,50351
4282,53220
4283,56220
4284,56440
4285,54734
4286,62333
4287,62060
4288,56454
4289,58564
4290,56700
4291,63454
4292,62520
4293,62280
4294,59542
4295,73465
4296,62263
4297,65912
4298,49380
4299,54180
4300,55080
4301,60368
4302,50532
4303,59854
4304,58860
4305,77479
4306,84660
4307,70648
4308,69402
4309,53427
4310,63589
4311,59633
4312,69354
4313,52500
4314,49397
4315,86080
4316,63176
4317,84120
4318,82440
4319,86335
4320,65832
4321,56266
4322,86319
4323,52500
4324,61852
4325,57342
4326,65940
4327,57976
4328,77598
4329,55560
4330,50297
4331,86293
4332,60622
4333,53940
4334,61653
4335,50580
4336,86345
4337,66120
4338,74460
4339,51106
4340,58118
4341,54864
4342,62040
4343,69860
4344,79215
4345,77160
4346,64461
4347,75397
4348,69233
4349,86254
4350,52760
4351,54727
4352,60465
4353,86239
4354,72271
4355,66039
4356,54118
4357,57180
4358,49380
4359,83263
4360,79963
4361,48828
4362,70566
4363,74464
4364,48420
4365,60026
4366,67200
4367,64063
4368,86395
4369,71995
4370,71475
4371,64731
4372,56614
4373,75853
4374,61620
4375,49620
4376,62098
4377,65197
4378,65120
4379,65583
4380,54660
4381,58080
4382,56040
4383,71515
4384,70000
4385,86340
4386,64274
4387,59756
4388,56820
4389,66736
4390,57090
4391,67380
4392,51360
4393,58260
4394,59030
4395,63924
4396,85089
4397,59299
4398,65460
4399,58659
4400,54423
4401,78498
4402,51842
4403,84540
4404,66089
4405,52860
4406,56438
4407,66960
4408,49260
4409,69220
4410,72301
4411,62580
4412,63720
4413,49846
4414,61250
4415,70293
4416,84215
4417,53023
4418,58560
4419,63482
4420,51822
4421,57240
4422,62535
4423,55691
4424,58560
4425,71338
4426,55543
4427,54896
4428,59760
4429,53040
4430,51702
4431,58523
4432,49500
4433,78300
4434,55800
4435,59790
4436,62280
4437,85680
4438,63876
4439,68520
4440,53400
4441,83640
4442,63853
4443,50040
4444,62966
4445,55624
4446,59100
4447,59790
4448,49283
4449,56280
4450,77329
4451,60583
4452,57000
4453,48960
4454,53760
4455,55468
4456,58380
4457,56624
4458,49620
4459,86296
4460,73529
4461,58381
4462,86371
4463,49908
4464,66840
4465,65160
4466,68548
4467,62716
4468,55917
4469,86280
4470,69555
4471,72739
4472,73234
4473,51240
4474,51859
4475,55624
4476,71476
4477,52440
4478,86340
4479,53020
4480,57609
4481,62160
4482,51000
4483,61330
4484,69600
4485,80880
4486,51837
4487,59893
4488,55320
4489,66180
4490,85903
4491,75875
4492,72121
4493,75433
4494,50880
4495,77008
4496,49866
4497,59684
4498,54000
4499,50454
4500,56220
4501,75900
4502,51720
4503,57483
4504,86231
4505,86220
4506,53880
4507,67041
4508,55425
4509,62880
4510,83220
4511,50379
4512,54720
4513,48518
4514,53747
4515,86243
4516,53760
4517,51480
4518,53700
4519,86286
4520,77900
4521,84531
4522,57300
4523,54180
4524,55977
4525,61620
4526,80880
4527,50103
4528,69060
4529,69723
4530,83132
4531,57682
4532,56014
4533,50100
4534,72318
4535,51316
4536,73020
4537,86235
4538,65640
4539,63840
4540,64380
4541,64680
4542,72276
4543,86229
4544,59376
4545,52760
4546,59760
4547,55920
4548,55542
4549,83118
4550,61755
4551,68786
4552,57240
4553,53557
4554,50400
4555,86230
4556,54461
4557,67500
4558,84000
4559,55276
4560,79817
4561,75180
4562,63055
4563,64144
4564,68048
4565,56820
4566,52123
4567,63277
4568,85202
4569,49464
4570,74271
4571,54792
4572,61620
4573,70727
4574,50880
4575,68700
4576,50100
4577,62485
4578,75020
4579,75001
4580,58320
4581,63561
4582,52980
4583,58636
4584,51000
4585,65709
4586,70332
4587,58134
4588,61447
4589,65494
4590,54000
4591,50700
4592,53100
4593,51159
4594,55740
4595,67020
4596,62580
4597,71941
4598,74056
4599,86363
4600,54989
4601,50000
4602,65368
4603,67168
4604,75528
4605,82886
4606,56880
4607,49238
4608,49519
4609,60243
4610,54759
4611,65862
4612,57720
4613,49285
4614,69660
4615,66540
4616,59848
4617,84093
4618,69202
4619,82398
4620,58354
4621,55850
4622,62340
4623,54000
4624,69106
4625,53760
4626,86282
4627,83803
4628,63170
4629,52468
4630,53212
4631,57360
4632,52175
4633,82444
4634,86382
4635,60240
4636,68664
4637,66948
4638,70792
4639,86398
4640,56436
4641,58662
4642,58239
4643,49389
4644,57960
4645,53280
4646,74854
4647,75240
4648,58841
4649,56889
4650,62700
4651,53400
4652,57420
4653,61288
4654,51180
4655,59818
4656,54780
4657,79995
4658,57998
4659,86292
4660,61463
4661,51360
4662,53400
4663,51909
4664,56707
4665,48540
4666,53100
4667,59140
4668,59223
4669,84844
4670,54420
4671,79320
4672,63360
4673,85869
4674,66420
4675,72516
4676,58569
4677,75309
4678,59640
4679,51900
4680,50460
4681,62685
4682,48421
4683,72060
4684,86207
4685,59460
4686,49620
4687,50813
4688,61620
4689,61560
4690,75661
4691,77471
4692,84600
4693,73440
4694,52200
4695,84960
4696,72840
4697,49942
4698,57558
4699,85740
4700,57000
4701,60146
4702,65092
4703,77045
4704,55132
4705,59353
4706,86340
4707,49860
4708,62640
4709,65656
4710,65512
4711,78376
4712,83821
4713,51227
4714,70705
4715,48395
4716,52415
4717,65623
4718,54600
4719,50760
4720,64796
4721,49560
4722,52140
4723,49620
4724,70013
4725,56160
4726,86330
4727,59520
4728,55418
4729,51316
4730,48738
4731,52440
4732,58822
4733,67341
4734,48420
4735,51720
4736,52726
4737,51300
4738,51120
4739,72899
4740,86372
4741,52680
4742,80880
4743,55140
4744,50640
4745,57360
4746,50640
4747,61680
4748,48793
4749,58080
4750,66380
4751,48996
4752,70845
4753,86387
4754,56340
4755,48480
4756,63588
4757,58440
4758,67062
4759,51744
4760,53498
4761,76392
4762,85488
4763,56154
4764,70612
4765,53640
4766,66815
4767,84480
4768,54642
4769,54220
4770,51282
4771,55580
4772,49330
4773,82080
4774,67114
4775,51060
4776,54960
4777,57900
4778,50460
4779,81649
4780,50312
4781,68580
4782,54720
4783,85909
4784,60915
4785,86353
4786,86346
4787,75811
4788,51287
4789,82574
4790,86302
4791,53908
4792,65160
4793,49860
4794,62280
4795,50538
4796,49349
4797,70230
4798,52020
4799,57944
4800,61127
4801,73227
4802,79840
4803,48890
4804,86280
4805,49740
4806,68460
4807,58323
4808,52680
4809,66420
4810,48300
4811,49500
4812,48366
4813,55920
4814,50867
4815,67800
4816,48585
4817,55906
4818,50340
4819,66512
4820,48720
4821,51300
4822,62686
4823,59340
4824,54720
4825,58909
4826,77220
4827,74464
4828,63209
4829,86138
4830,49320
4831,76083
4832,52200
4833,48992
4834,72562
4835,50828
4836,63107
4837,67972
4838,50792
4839,52474
4840,56662
4841,71026
4842,51540
4843,54720
4844,58852
4845,52687
4846,85020
4847,62689
4848,48399
4849,51030
4850,57000
4851,78120
4852,73680
4853,68665
4854,51132
4855,86212
4856,86280
4857,78103
4858,48772
4859,73897
4860,73437
4861,60420
4862,53454
4863,86387
4864,65160
4865,53711
4866,73341
4867,85875
4868,64080
4869,82172
4870,52800
4871,54821
4872,50100
4873,86223
4874,58258
4875,81240
4876,66906
4877,58808
4878,77040
4879,68940
4880,48600
4881,64824
4882,65160
4883,69715
4884,60830
4885,58218
4886,79320
4887,56223
4888,86330
4889,85021
4890,59157
4891,58080
4892,53992
4893,65936
4894,54914
4895,54420
4896,50700
4897,48577
4898,71220
4899,63636
4900,52848
4901,59931
4902,60818
4903,86307
4904,66843
4905,56700
4906,72300
4907,71917
4908,65407
4909,54540
4910,74504
4911,55500
4912,54000
4913,73419
4914,52419
4915,57720
4916,53671
4917,83100
4918,49907
4919,67853
4920,58860
4921,53548
4922,57440
4923,52296
4924,61680
4925,59349
4926,58173
4927,66454
4928,86218
4929,53551
4930,56684
4931,77927
4932,64329
4933,86340
4934,49680
4935,69540
4936,73260
4937,70440
4938,55170
4939,71541
4940,52740
4941,68196
4942,49305
4943,61517
4944,50777
4945,52329
4946,61620
4947,70521
4948,75360
4949,79398
4950,48345
4951,57240
4952,60249
4953,86173
4954,86244
4955,56676
4956,75300
4957,58260
4958,68520
4959,57000
4960,57193
4961,82560
4962,49740
4963,56580
4964,49140
4965,58175
4966,56460
4967,52670
4968,51852
4969,59909
4970,52810
4971,49020
4972,85020
4973,65497
4974,63497
4975,86272
4976,74580
4977,59195
4978,86288
4979,63120
4980,68580
4981,57991
4982,83520
4983,55380
4984,86280
4985,55806
4986,57600
4987,57368
4988,61070
4989,48600
4990,56040
4991,67625
4992,64380
4993,61620
4994,66420
4995,53453
4996,51745
4997,57300
4998,49492
4999,58022
